proc_cd,modifier,description,rate,rate_unit,is_by_report,region_type,region_value
70010,,,120.40,1,False,state,AZ
70015,,,348.60,1,False,state,AZ
70015,26,,116.90,1,False,state,AZ
70015,TC,,231.70,1,False,state,AZ
70030,,,68.60,1,False,state,AZ
70030,26,,17.50,1,False,state,AZ
70030,TC,,51.10,1,False,state,AZ
70100,,,81.90,1,False,state,AZ
70100,26,,18.20,1,False,state,AZ
70100,TC,,63.70,1,False,state,AZ
70110,,,91.70,1,False,state,AZ
70110,26,,24.50,1,False,state,AZ
70110,TC,,67.20,1,False,state,AZ
70120,,,80.50,1,False,state,AZ
70120,26,,18.20,1,False,state,AZ
70120,TC,,62.30,1,False,state,AZ
70130,,,130.20,1,False,state,AZ
70130,26,,33.60,1,False,state,AZ
70130,TC,,96.60,1,False,state,AZ
70134,,,130.20,1,False,state,AZ
70134,26,,35.70,1,False,state,AZ
70134,TC,,94.50,1,False,state,AZ
70140,,,67.20,1,False,state,AZ
70140,26,,19.60,1,False,state,AZ
70140,TC,,47.60,1,False,state,AZ
70150,,,99.40,1,False,state,AZ
70150,26,,25.90,1,False,state,AZ
70150,TC,,73.50,1,False,state,AZ
70160,,,79.10,1,False,state,AZ
70160,26,,16.80,1,False,state,AZ
70160,TC,,62.30,1,False,state,AZ
70170,,,103.60,1,False,state,AZ
70170,26,,30.10,1,False,state,AZ
70170,TC,,73.50,1,False,state,AZ
70190,,,79.10,1,False,state,AZ
70190,26,,22.40,1,False,state,AZ
70190,TC,,56.70,1,False,state,AZ
70200,,,100.80,1,False,state,AZ
70200,26,,28.00,1,False,state,AZ
70200,TC,,72.80,1,False,state,AZ
70210,,,67.90,1,False,state,AZ
70210,26,,17.50,1,False,state,AZ
70210,TC,,50.40,1,False,state,AZ
70220,,,79.10,1,False,state,AZ
70220,26,,21.70,1,False,state,AZ
70220,TC,,57.40,1,False,state,AZ
70240,,,69.30,1,False,state,AZ
70240,26,,18.90,1,False,state,AZ
70240,TC,,50.40,1,False,state,AZ
70250,,,76.30,1,False,state,AZ
70250,26,,18.20,1,False,state,AZ
70250,TC,,58.10,1,False,state,AZ
70260,,,93.80,1,False,state,AZ
70260,26,,28.00,1,False,state,AZ
70260,TC,,65.80,1,False,state,AZ
70300,,,27.30,1,False,state,AZ
70300,26,,10.50,1,False,state,AZ
70300,TC,,16.80,1,False,state,AZ
70310,,,85.40,1,False,state,AZ
70310,26,,16.80,1,False,state,AZ
70310,TC,,68.60,1,False,state,AZ
70320,,,112.00,1,False,state,AZ
70320,26,,22.40,1,False,state,AZ
70320,TC,,89.60,1,False,state,AZ
70328,,,72.80,1,False,state,AZ
70328,26,,18.20,1,False,state,AZ
70328,TC,,54.60,1,False,state,AZ
70330,,,111.30,1,False,state,AZ
70330,26,,23.80,1,False,state,AZ
70330,TC,,87.50,1,False,state,AZ
70332,,,173.60,1,False,state,AZ
70332,26,,53.20,1,False,state,AZ
70332,TC,,120.40,1,False,state,AZ
70336,,,570.50,1,False,state,AZ
70336,26,,144.90,1,False,state,AZ
70336,TC,,425.60,1,False,state,AZ
70350,,,35.00,1,False,state,AZ
70350,26,,17.50,1,False,state,AZ
70350,TC,,17.50,1,False,state,AZ
70355,,,38.50,1,False,state,AZ
70355,26,,20.30,1,False,state,AZ
70355,TC,,18.20,1,False,state,AZ
70360,,,65.80,1,False,state,AZ
70360,26,,18.20,1,False,state,AZ
70360,TC,,47.60,1,False,state,AZ
70370,,,220.50,1,False,state,AZ
70370,26,,31.50,1,False,state,AZ
70370,TC,,189.00,1,False,state,AZ
70371,,,229.60,1,False,state,AZ
70371,26,,86.10,1,False,state,AZ
70371,TC,,143.50,1,False,state,AZ
70380,,,79.10,1,False,state,AZ
70380,26,,16.80,1,False,state,AZ
70380,TC,,62.30,1,False,state,AZ
70390,,,242.90,1,False,state,AZ
70390,26,,37.10,1,False,state,AZ
70390,TC,,205.80,1,False,state,AZ
70450,,,228.20,1,False,state,AZ
70450,26,,83.30,1,False,state,AZ
70450,TC,,144.90,1,False,state,AZ
70460,,,319.20,1,False,state,AZ
70460,26,,111.30,1,False,state,AZ
70460,TC,,207.90,1,False,state,AZ
70470,,,373.80,1,False,state,AZ
70470,26,,125.30,1,False,state,AZ
70470,TC,,248.50,1,False,state,AZ
70480,,,342.30,1,False,state,AZ
70480,26,,126.70,1,False,state,AZ
70480,TC,,215.60,1,False,state,AZ
70481,,,389.20,1,False,state,AZ
70481,26,,111.30,1,False,state,AZ
70481,TC,,277.90,1,False,state,AZ
70482,,,454.30,1,False,state,AZ
70482,26,,124.60,1,False,state,AZ
70482,TC,,329.70,1,False,state,AZ
70486,,,275.80,1,False,state,AZ
70486,26,,84.00,1,False,state,AZ
70486,TC,,191.80,1,False,state,AZ
70487,,,327.60,1,False,state,AZ
70487,26,,110.60,1,False,state,AZ
70487,TC,,217.00,1,False,state,AZ
70488,,,396.90,1,False,state,AZ
70488,26,,124.60,1,False,state,AZ
70488,TC,,272.30,1,False,state,AZ
70490,,,322.70,1,False,state,AZ
70490,26,,126.00,1,False,state,AZ
70490,TC,,196.70,1,False,state,AZ
70491,,,396.90,1,False,state,AZ
70491,26,,135.80,1,False,state,AZ
70491,TC,,261.10,1,False,state,AZ
70492,,,476.00,1,False,state,AZ
70492,26,,158.20,1,False,state,AZ
70492,TC,,317.80,1,False,state,AZ
70496,,,594.30,1,False,state,AZ
70496,26,,171.50,1,False,state,AZ
70496,TC,,422.80,1,False,state,AZ
70498,,,593.60,1,False,state,AZ
70498,26,,171.50,1,False,state,AZ
70498,TC,,422.10,1,False,state,AZ
70540,,,488.60,1,False,state,AZ
70540,26,,132.30,1,False,state,AZ
70540,TC,,356.30,1,False,state,AZ
70542,,,579.60,1,False,state,AZ
70542,26,,158.90,1,False,state,AZ
70542,TC,,420.70,1,False,state,AZ
70543,,,731.50,1,False,state,AZ
70543,26,,210.70,1,False,state,AZ
70543,TC,,520.80,1,False,state,AZ
70544,,,465.50,1,False,state,AZ
70544,26,,117.60,1,False,state,AZ
70544,TC,,347.90,1,False,state,AZ
70545,,,490.70,1,False,state,AZ
70545,26,,117.60,1,False,state,AZ
70545,TC,,373.10,1,False,state,AZ
70546,,,713.30,1,False,state,AZ
70546,26,,145.60,1,False,state,AZ
70546,TC,,567.70,1,False,state,AZ
70547,,,466.20,1,False,state,AZ
70547,26,,117.60,1,False,state,AZ
70547,TC,,348.60,1,False,state,AZ
70548,,,532.00,1,False,state,AZ
70548,26,,147.70,1,False,state,AZ
70548,TC,,384.30,1,False,state,AZ
70549,,,746.20,1,False,state,AZ
70549,26,,176.40,1,False,state,AZ
70549,TC,,569.80,1,False,state,AZ
70551,,,423.50,1,False,state,AZ
70551,26,,145.60,1,False,state,AZ
70551,TC,,277.90,1,False,state,AZ
70552,,,583.80,1,False,state,AZ
70552,26,,175.00,1,False,state,AZ
70552,TC,,408.80,1,False,state,AZ
70553,,,687.40,1,False,state,AZ
70553,26,,224.70,1,False,state,AZ
70553,TC,,462.70,1,False,state,AZ
70554,,,821.10,1,False,state,AZ
70554,26,,208.60,1,False,state,AZ
70554,TC,,612.50,1,False,state,AZ
70555,,,1441.30,1,False,state,AZ
70555,26,,245.00,1,False,state,AZ
70555,TC,,1196.30,1,False,state,AZ
70557,,,315.00,1,False,state,AZ
70557,26,,315.00,1,False,state,AZ
70557,TC,,BR,1,False,state,AZ
70558,,,1388.80,1,False,state,AZ
70558,26,,347.20,1,False,state,AZ
70558,TC,,1041.60,1,False,state,AZ
70559,,,905.80,1,False,state,AZ
70559,26,,326.20,1,False,state,AZ
70559,TC,,579.60,1,False,state,AZ
71045,,,53.90,1,False,state,AZ
71045,26,,17.50,1,False,state,AZ
71045,TC,,36.40,1,False,state,AZ
71046,,,70.70,1,False,state,AZ
71046,26,,21.70,1,False,state,AZ
71046,TC,,49.00,1,False,state,AZ
71047,,,88.90,1,False,state,AZ
71047,26,,27.30,1,False,state,AZ
71047,TC,,61.60,1,False,state,AZ
71048,,,95.90,1,False,state,AZ
71048,26,,30.10,1,False,state,AZ
71048,TC,,65.80,1,False,state,AZ
71100,,,77.00,1,False,state,AZ
71100,26,,21.70,1,False,state,AZ
71100,TC,,55.30,1,False,state,AZ
71101,,,88.90,1,False,state,AZ
71101,26,,26.60,1,False,state,AZ
71101,TC,,62.30,1,False,state,AZ
71110,,,92.40,1,False,state,AZ
71110,26,,28.70,1,False,state,AZ
71110,TC,,63.70,1,False,state,AZ
71111,,,110.60,1,False,state,AZ
71111,26,,32.20,1,False,state,AZ
71111,TC,,78.40,1,False,state,AZ
71120,,,70.70,1,False,state,AZ
71120,26,,19.60,1,False,state,AZ
71120,TC,,51.10,1,False,state,AZ
71130,,,86.80,1,False,state,AZ
71130,26,,21.70,1,False,state,AZ
71130,TC,,65.10,1,False,state,AZ
71250,,,286.30,1,False,state,AZ
71250,26,,106.40,1,False,state,AZ
71250,TC,,179.90,1,False,state,AZ
71260,,,359.80,1,False,state,AZ
71260,26,,114.80,1,False,state,AZ
71260,TC,,245.00,1,False,state,AZ
71270,,,422.80,1,False,state,AZ
71270,26,,122.50,1,False,state,AZ
71270,TC,,300.30,1,False,state,AZ
71271,,,296.10,1,False,state,AZ
71271,26,,106.40,1,False,state,AZ
71271,TC,,189.70,1,False,state,AZ
71275,,,606.20,1,False,state,AZ
71275,26,,178.50,1,False,state,AZ
71275,TC,,427.70,1,False,state,AZ
71550,,,730.10,1,False,state,AZ
71550,26,,143.50,1,False,state,AZ
71550,TC,,586.60,1,False,state,AZ
71551,,,807.10,1,False,state,AZ
71551,26,,170.10,1,False,state,AZ
71551,TC,,637.00,1,False,state,AZ
71552,,,1018.50,1,False,state,AZ
71552,26,,221.90,1,False,state,AZ
71552,TC,,796.60,1,False,state,AZ
71555,,,721.00,1,False,state,AZ
71555,26,,175.70,1,False,state,AZ
71555,TC,,545.30,1,False,state,AZ
72020,,,51.10,1,False,state,AZ
72020,26,,16.10,1,False,state,AZ
72020,TC,,35.00,1,False,state,AZ
72040,,,83.30,1,False,state,AZ
72040,26,,22.40,1,False,state,AZ
72040,TC,,60.90,1,False,state,AZ
72050,,,112.70,1,False,state,AZ
72050,26,,26.60,1,False,state,AZ
72050,TC,,86.10,1,False,state,AZ
72052,,,131.60,1,False,state,AZ
72052,26,,30.10,1,False,state,AZ
72052,TC,,101.50,1,False,state,AZ
72070,,,69.30,1,False,state,AZ
72070,26,,20.30,1,False,state,AZ
72070,TC,,49.00,1,False,state,AZ
72072,,,83.30,1,False,state,AZ
72072,26,,22.40,1,False,state,AZ
72072,TC,,60.90,1,False,state,AZ
72074,,,93.80,1,False,state,AZ
72074,26,,24.50,1,False,state,AZ
72074,TC,,69.30,1,False,state,AZ
72080,,,72.80,1,False,state,AZ
72080,26,,21.00,1,False,state,AZ
72080,TC,,51.80,1,False,state,AZ
72081,,,89.60,1,False,state,AZ
72081,26,,25.90,1,False,state,AZ
72081,TC,,63.70,1,False,state,AZ
72082,,,147.70,1,False,state,AZ
72082,26,,31.50,1,False,state,AZ
72082,TC,,116.20,1,False,state,AZ
72083,,,167.30,1,False,state,AZ
72083,26,,35.70,1,False,state,AZ
72083,TC,,131.60,1,False,state,AZ
72084,,,207.20,1,False,state,AZ
72084,26,,41.30,1,False,state,AZ
72084,TC,,165.90,1,False,state,AZ
72100,,,84.00,1,False,state,AZ
72100,26,,22.40,1,False,state,AZ
72100,TC,,61.60,1,False,state,AZ
72110,,,109.20,1,False,state,AZ
72110,26,,25.90,1,False,state,AZ
72110,TC,,83.30,1,False,state,AZ
72114,,,128.80,1,False,state,AZ
72114,26,,30.10,1,False,state,AZ
72114,TC,,98.70,1,False,state,AZ
72120,,,85.40,1,False,state,AZ
72120,26,,22.40,1,False,state,AZ
72120,TC,,63.00,1,False,state,AZ
72125,,,280.00,1,False,state,AZ
72125,26,,98.00,1,False,state,AZ
72125,TC,,182.00,1,False,state,AZ
72126,,,363.30,1,False,state,AZ
72126,26,,119.70,1,False,state,AZ
72126,TC,,243.60,1,False,state,AZ
72127,,,425.60,1,False,state,AZ
72127,26,,124.60,1,False,state,AZ
72127,TC,,301.00,1,False,state,AZ
72128,,,279.30,1,False,state,AZ
72128,26,,98.00,1,False,state,AZ
72128,TC,,181.30,1,False,state,AZ
72129,,,366.10,1,False,state,AZ
72129,26,,120.40,1,False,state,AZ
72129,TC,,245.70,1,False,state,AZ
72130,,,428.40,1,False,state,AZ
72130,26,,125.30,1,False,state,AZ
72130,TC,,303.10,1,False,state,AZ
72131,,,277.90,1,False,state,AZ
72131,26,,98.00,1,False,state,AZ
72131,TC,,179.90,1,False,state,AZ
72132,,,364.00,1,False,state,AZ
72132,26,,119.70,1,False,state,AZ
72132,TC,,244.30,1,False,state,AZ
72133,,,426.30,1,False,state,AZ
72133,26,,124.60,1,False,state,AZ
72133,TC,,301.70,1,False,state,AZ
72141,,,411.60,1,False,state,AZ
72141,26,,145.60,1,False,state,AZ
72141,TC,,266.00,1,False,state,AZ
72142,,,595.00,1,False,state,AZ
72142,26,,176.40,1,False,state,AZ
72142,TC,,418.60,1,False,state,AZ
72146,,,410.90,1,False,state,AZ
72146,26,,145.60,1,False,state,AZ
72146,TC,,265.30,1,False,state,AZ
72147,,,589.40,1,False,state,AZ
72147,26,,175.00,1,False,state,AZ
72147,TC,,414.40,1,False,state,AZ
72148,,,413.00,1,False,state,AZ
72148,26,,146.30,1,False,state,AZ
72148,TC,,266.70,1,False,state,AZ
72149,,,584.50,1,False,state,AZ
72149,26,,175.70,1,False,state,AZ
72149,TC,,408.80,1,False,state,AZ
72156,,,690.90,1,False,state,AZ
72156,26,,225.40,1,False,state,AZ
72156,TC,,465.50,1,False,state,AZ
72157,,,692.30,1,False,state,AZ
72157,26,,225.40,1,False,state,AZ
72157,TC,,466.90,1,False,state,AZ
72158,,,689.50,1,False,state,AZ
72158,26,,225.40,1,False,state,AZ
72158,TC,,464.10,1,False,state,AZ
72159,,,746.20,1,False,state,AZ
72159,26,,177.10,1,False,state,AZ
72159,TC,,569.10,1,False,state,AZ
72170,,,58.80,1,False,state,AZ
72170,26,,17.50,1,False,state,AZ
72170,TC,,41.30,1,False,state,AZ
72190,,,88.90,1,False,state,AZ
72190,26,,25.20,1,False,state,AZ
72190,TC,,63.70,1,False,state,AZ
72191,,,655.90,1,False,state,AZ
72191,26,,175.70,1,False,state,AZ
72191,TC,,480.20,1,False,state,AZ
72192,,,286.30,1,False,state,AZ
72192,26,,107.10,1,False,state,AZ
72192,TC,,179.20,1,False,state,AZ
72193,,,493.50,1,False,state,AZ
72193,26,,114.10,1,False,state,AZ
72193,TC,,379.40,1,False,state,AZ
72194,,,544.60,1,False,state,AZ
72194,26,,119.00,1,False,state,AZ
72194,TC,,425.60,1,False,state,AZ
72195,,,494.90,1,False,state,AZ
72195,26,,144.20,1,False,state,AZ
72195,TC,,350.70,1,False,state,AZ
72196,,,579.60,1,False,state,AZ
72196,26,,169.40,1,False,state,AZ
72196,TC,,410.20,1,False,state,AZ
72197,,,727.30,1,False,state,AZ
72197,26,,215.60,1,False,state,AZ
72197,TC,,511.70,1,False,state,AZ
72198,,,730.10,1,False,state,AZ
72198,26,,175.00,1,False,state,AZ
72198,TC,,555.10,1,False,state,AZ
72200,,,70.00,1,False,state,AZ
72200,26,,16.80,1,False,state,AZ
72200,TC,,53.20,1,False,state,AZ
72202,,,82.60,1,False,state,AZ
72202,26,,22.40,1,False,state,AZ
72202,TC,,60.20,1,False,state,AZ
72220,,,68.60,1,False,state,AZ
72220,26,,17.50,1,False,state,AZ
72220,TC,,51.10,1,False,state,AZ
72240,,,235.20,1,False,state,AZ
72240,26,,90.30,1,False,state,AZ
72240,TC,,144.90,1,False,state,AZ
72255,,,226.10,1,False,state,AZ
72255,26,,89.60,1,False,state,AZ
72255,TC,,136.50,1,False,state,AZ
72265,,,228.90,1,False,state,AZ
72265,26,,82.60,1,False,state,AZ
72265,TC,,146.30,1,False,state,AZ
72270,,,320.60,1,False,state,AZ
72270,26,,135.10,1,False,state,AZ
72270,TC,,185.50,1,False,state,AZ
72285,,,277.20,1,False,state,AZ
72285,26,,115.50,1,False,state,AZ
72285,TC,,161.70,1,False,state,AZ
72295,,,233.80,1,False,state,AZ
72295,26,,81.90,1,False,state,AZ
72295,TC,,151.90,1,False,state,AZ
73000,,,68.60,1,False,state,AZ
73000,26,,16.80,1,False,state,AZ
73000,TC,,51.80,1,False,state,AZ
73010,,,50.40,1,False,state,AZ
73010,26,,18.20,1,False,state,AZ
73010,TC,,32.20,1,False,state,AZ
73020,,,45.50,1,False,state,AZ
73020,26,,15.40,1,False,state,AZ
73020,TC,,30.10,1,False,state,AZ
73030,,,73.50,1,False,state,AZ
73030,26,,18.90,1,False,state,AZ
73030,TC,,54.60,1,False,state,AZ
73040,,,276.50,1,False,state,AZ
73040,26,,55.30,1,False,state,AZ
73040,TC,,221.20,1,False,state,AZ
73050,,,60.90,1,False,state,AZ
73050,26,,18.90,1,False,state,AZ
73050,TC,,42.00,1,False,state,AZ
73060,,,67.20,1,False,state,AZ
73060,26,,16.10,1,False,state,AZ
73060,TC,,51.10,1,False,state,AZ
73070,,,61.60,1,False,state,AZ
73070,26,,16.80,1,False,state,AZ
73070,TC,,44.80,1,False,state,AZ
73080,,,69.30,1,False,state,AZ
73080,26,,17.50,1,False,state,AZ
73080,TC,,51.80,1,False,state,AZ
73085,,,210.00,1,False,state,AZ
73085,26,,53.20,1,False,state,AZ
73085,TC,,156.80,1,False,state,AZ
73090,,,61.60,1,False,state,AZ
73090,26,,16.10,1,False,state,AZ
73090,TC,,45.50,1,False,state,AZ
73092,,,66.50,1,False,state,AZ
73092,26,,16.10,1,False,state,AZ
73092,TC,,50.40,1,False,state,AZ
73100,,,71.40,1,False,state,AZ
73100,26,,16.80,1,False,state,AZ
73100,TC,,54.60,1,False,state,AZ
73110,,,86.80,1,False,state,AZ
73110,26,,17.50,1,False,state,AZ
73110,TC,,69.30,1,False,state,AZ
73115,,,283.50,1,False,state,AZ
73115,26,,56.00,1,False,state,AZ
73115,TC,,227.50,1,False,state,AZ
73120,,,66.50,1,False,state,AZ
73120,26,,16.80,1,False,state,AZ
73120,TC,,49.70,1,False,state,AZ
73130,,,78.40,1,False,state,AZ
73130,26,,17.50,1,False,state,AZ
73130,TC,,60.90,1,False,state,AZ
73140,,,80.50,1,False,state,AZ
73140,26,,14.00,1,False,state,AZ
73140,TC,,66.50,1,False,state,AZ
73200,,,347.20,1,False,state,AZ
73200,26,,98.00,1,False,state,AZ
73200,TC,,249.20,1,False,state,AZ
73201,,,432.60,1,False,state,AZ
73201,26,,114.10,1,False,state,AZ
73201,TC,,318.50,1,False,state,AZ
73202,,,536.20,1,False,state,AZ
73202,26,,119.00,1,False,state,AZ
73202,TC,,417.20,1,False,state,AZ
73206,,,639.80,1,False,state,AZ
73206,26,,175.70,1,False,state,AZ
73206,TC,,464.10,1,False,state,AZ
73218,,,655.90,1,False,state,AZ
73218,26,,133.70,1,False,state,AZ
73218,TC,,522.20,1,False,state,AZ
73219,,,716.10,1,False,state,AZ
73219,26,,159.60,1,False,state,AZ
73219,TC,,556.50,1,False,state,AZ
73220,,,885.50,1,False,state,AZ
73220,26,,211.40,1,False,state,AZ
73220,TC,,674.10,1,False,state,AZ
73221,,,438.20,1,False,state,AZ
73221,26,,133.70,1,False,state,AZ
73221,TC,,304.50,1,False,state,AZ
73222,,,676.90,1,False,state,AZ
73222,26,,160.30,1,False,state,AZ
73222,TC,,516.60,1,False,state,AZ
73223,,,836.50,1,False,state,AZ
73223,26,,212.10,1,False,state,AZ
73223,TC,,624.40,1,False,state,AZ
73225,,,739.20,1,False,state,AZ
73225,26,,170.10,1,False,state,AZ
73225,TC,,569.10,1,False,state,AZ
73501,,,69.30,1,False,state,AZ
73501,26,,18.90,1,False,state,AZ
73501,TC,,50.40,1,False,state,AZ
73502,,,100.10,1,False,state,AZ
73502,26,,22.40,1,False,state,AZ
73502,TC,,77.70,1,False,state,AZ
73503,,,126.00,1,False,state,AZ
73503,26,,27.30,1,False,state,AZ
73503,TC,,98.70,1,False,state,AZ
73521,,,86.80,1,False,state,AZ
73521,26,,22.40,1,False,state,AZ
73521,TC,,64.40,1,False,state,AZ
73522,,,113.40,1,False,state,AZ
73522,26,,29.40,1,False,state,AZ
73522,TC,,84.00,1,False,state,AZ
73523,,,130.20,1,False,state,AZ
73523,26,,31.50,1,False,state,AZ
73523,TC,,98.70,1,False,state,AZ
73525,,,270.90,1,False,state,AZ
73525,26,,58.80,1,False,state,AZ
73525,TC,,212.10,1,False,state,AZ
73551,,,61.60,1,False,state,AZ
73551,26,,16.80,1,False,state,AZ
73551,TC,,44.80,1,False,state,AZ
73552,,,74.90,1,False,state,AZ
73552,26,,18.20,1,False,state,AZ
73552,TC,,56.70,1,False,state,AZ
73560,,,72.10,1,False,state,AZ
73560,26,,16.80,1,False,state,AZ
73560,TC,,55.30,1,False,state,AZ
73562,,,86.10,1,False,state,AZ
73562,26,,18.90,1,False,state,AZ
73562,TC,,67.20,1,False,state,AZ
73564,,,99.40,1,False,state,AZ
73564,26,,23.10,1,False,state,AZ
73564,TC,,76.30,1,False,state,AZ
73565,,,84.00,1,False,state,AZ
73565,26,,16.80,1,False,state,AZ
73565,TC,,67.20,1,False,state,AZ
73580,,,232.40,1,False,state,AZ
73580,26,,63.70,1,False,state,AZ
73580,TC,,168.70,1,False,state,AZ
73590,,,66.50,1,False,state,AZ
73590,26,,16.10,1,False,state,AZ
73590,TC,,50.40,1,False,state,AZ
73592,,,66.50,1,False,state,AZ
73592,26,,16.10,1,False,state,AZ
73592,TC,,50.40,1,False,state,AZ
73600,,,67.90,1,False,state,AZ
73600,26,,16.10,1,False,state,AZ
73600,TC,,51.80,1,False,state,AZ
73610,,,77.00,1,False,state,AZ
73610,26,,17.50,1,False,state,AZ
73610,TC,,59.50,1,False,state,AZ
73615,,,268.80,1,False,state,AZ
73615,26,,56.70,1,False,state,AZ
73615,TC,,212.10,1,False,state,AZ
73620,,,60.20,1,False,state,AZ
73620,26,,15.40,1,False,state,AZ
73620,TC,,44.80,1,False,state,AZ
73630,,,72.10,1,False,state,AZ
73630,26,,16.80,1,False,state,AZ
73630,TC,,55.30,1,False,state,AZ
73650,,,60.20,1,False,state,AZ
73650,26,,16.10,1,False,state,AZ
73650,TC,,44.10,1,False,state,AZ
73660,,,61.60,1,False,state,AZ
73660,26,,13.30,1,False,state,AZ
73660,TC,,48.30,1,False,state,AZ
73700,,,278.60,1,False,state,AZ
73700,26,,98.00,1,False,state,AZ
73700,TC,,180.60,1,False,state,AZ
73701,,,359.10,1,False,state,AZ
73701,26,,114.10,1,False,state,AZ
73701,TC,,245.00,1,False,state,AZ
73702,,,420.70,1,False,state,AZ
73702,26,,119.00,1,False,state,AZ
73702,TC,,301.70,1,False,state,AZ
73706,,,695.80,1,False,state,AZ
73706,26,,184.80,1,False,state,AZ
73706,TC,,511.00,1,False,state,AZ
73718,,,482.30,1,False,state,AZ
73718,26,,132.30,1,False,state,AZ
73718,TC,,350.00,1,False,state,AZ
73719,,,568.40,1,False,state,AZ
73719,26,,158.90,1,False,state,AZ
73719,TC,,409.50,1,False,state,AZ
73720,,,728.00,1,False,state,AZ
73720,26,,210.70,1,False,state,AZ
73720,TC,,517.30,1,False,state,AZ
73721,,,437.50,1,False,state,AZ
73721,26,,133.70,1,False,state,AZ
73721,TC,,303.80,1,False,state,AZ
73722,,,677.60,1,False,state,AZ
73722,26,,159.60,1,False,state,AZ
73722,TC,,518.00,1,False,state,AZ
73723,,,833.00,1,False,state,AZ
73723,26,,211.40,1,False,state,AZ
73723,TC,,621.60,1,False,state,AZ
73725,,,725.20,1,False,state,AZ
73725,26,,176.40,1,False,state,AZ
73725,TC,,548.80,1,False,state,AZ
74018,,,63.70,1,False,state,AZ
74018,26,,18.20,1,False,state,AZ
74018,TC,,45.50,1,False,state,AZ
74019,,,77.00,1,False,state,AZ
74019,26,,22.40,1,False,state,AZ
74019,TC,,54.60,1,False,state,AZ
74021,,,90.30,1,False,state,AZ
74021,26,,26.60,1,False,state,AZ
74021,TC,,63.70,1,False,state,AZ
74022,,,105.00,1,False,state,AZ
74022,26,,31.50,1,False,state,AZ
74022,TC,,73.50,1,False,state,AZ
74150,,,294.00,1,False,state,AZ
74150,26,,116.90,1,False,state,AZ
74150,TC,,177.10,1,False,state,AZ
74160,,,502.60,1,False,state,AZ
74160,26,,125.30,1,False,state,AZ
74160,TC,,377.30,1,False,state,AZ
74170,,,564.90,1,False,state,AZ
74170,26,,137.20,1,False,state,AZ
74170,TC,,427.70,1,False,state,AZ
74174,,,819.70,1,False,state,AZ
74174,26,,214.90,1,False,state,AZ
74174,TC,,604.80,1,False,state,AZ
74175,,,658.70,1,False,state,AZ
74175,26,,177.80,1,False,state,AZ
74175,TC,,480.90,1,False,state,AZ
74176,,,394.10,1,False,state,AZ
74176,26,,170.80,1,False,state,AZ
74176,TC,,223.30,1,False,state,AZ
74177,,,653.80,1,False,state,AZ
74177,26,,178.50,1,False,state,AZ
74177,TC,,475.30,1,False,state,AZ
74178,,,733.60,1,False,state,AZ
74178,26,,196.70,1,False,state,AZ
74178,TC,,536.90,1,False,state,AZ
74181,,,422.80,1,False,state,AZ
74181,26,,143.50,1,False,state,AZ
74181,TC,,279.30,1,False,state,AZ
74182,,,653.10,1,False,state,AZ
74182,26,,169.40,1,False,state,AZ
74182,TC,,483.70,1,False,state,AZ
74183,,,730.10,1,False,state,AZ
74183,26,,215.60,1,False,state,AZ
74183,TC,,514.50,1,False,state,AZ
74185,,,727.30,1,False,state,AZ
74185,26,,175.00,1,False,state,AZ
74185,TC,,552.30,1,False,state,AZ
74190,,,151.90,1,False,state,AZ
74190,26,,45.50,1,False,state,AZ
74190,TC,,106.40,1,False,state,AZ
74210,,,198.80,1,False,state,AZ
74210,26,,57.40,1,False,state,AZ
74210,TC,,141.40,1,False,state,AZ
74220,,,204.40,1,False,state,AZ
74220,26,,58.80,1,False,state,AZ
74220,TC,,145.60,1,False,state,AZ
74221,,,230.30,1,False,state,AZ
74221,26,,68.60,1,False,state,AZ
74221,TC,,161.70,1,False,state,AZ
74230,,,261.80,1,False,state,AZ
74230,26,,52.50,1,False,state,AZ
74230,TC,,209.30,1,False,state,AZ
74235,,,333.90,1,False,state,AZ
74235,26,,116.90,1,False,state,AZ
74235,TC,,217.00,1,False,state,AZ
74240,,,257.60,1,False,state,AZ
74240,26,,79.10,1,False,state,AZ
74240,TC,,178.50,1,False,state,AZ
74246,,,291.90,1,False,state,AZ
74246,26,,88.20,1,False,state,AZ
74246,TC,,203.70,1,False,state,AZ
74248,,,172.90,1,False,state,AZ
74248,26,,68.60,1,False,state,AZ
74248,TC,,104.30,1,False,state,AZ
74250,,,255.50,1,False,state,AZ
74250,26,,79.10,1,False,state,AZ
74250,TC,,176.40,1,False,state,AZ
74251,,,760.90,1,False,state,AZ
74251,26,,114.80,1,False,state,AZ
74251,TC,,646.10,1,False,state,AZ
74261,,,893.20,1,False,state,AZ
74261,26,,235.20,1,False,state,AZ
74261,TC,,658.00,1,False,state,AZ
74262,,,1005.20,1,False,state,AZ
74262,26,,245.70,1,False,state,AZ
74262,TC,,759.50,1,False,state,AZ
74263,,,1415.40,1,False,state,AZ
74263,26,,224.70,1,False,state,AZ
74263,TC,,1190.70,1,False,state,AZ
74270,,,322.00,1,False,state,AZ
74270,26,,101.50,1,False,state,AZ
74270,TC,,220.50,1,False,state,AZ
74280,,,461.30,1,False,state,AZ
74280,26,,123.90,1,False,state,AZ
74280,TC,,337.40,1,False,state,AZ
74283,,,534.80,1,False,state,AZ
74283,26,,206.50,1,False,state,AZ
74283,TC,,328.30,1,False,state,AZ
74290,,,178.50,1,False,state,AZ
74290,26,,31.50,1,False,state,AZ
74290,TC,,147.00,1,False,state,AZ
74300,,,91.00,1,False,state,AZ
74300,26,,27.30,1,False,state,AZ
74300,TC,,63.70,1,False,state,AZ
74301,,,81.20,1,False,state,AZ
74301,26,,20.30,1,False,state,AZ
74301,TC,,60.90,1,False,state,AZ
74328,,,226.80,1,False,state,AZ
74328,26,,47.60,1,False,state,AZ
74328,TC,,179.20,1,False,state,AZ
74329,,,219.80,1,False,state,AZ
74329,26,,48.30,1,False,state,AZ
74329,TC,,171.50,1,False,state,AZ
74330,,,207.20,1,False,state,AZ
74330,26,,56.00,1,False,state,AZ
74330,TC,,151.20,1,False,state,AZ
74340,,,276.50,1,False,state,AZ
74340,26,,52.50,1,False,state,AZ
74340,TC,,224.00,1,False,state,AZ
74355,,,277.20,1,False,state,AZ
74355,26,,74.90,1,False,state,AZ
74355,TC,,202.30,1,False,state,AZ
74360,,,329.70,1,False,state,AZ
74360,26,,56.00,1,False,state,AZ
74360,TC,,273.70,1,False,state,AZ
74363,,,449.40,1,False,state,AZ
74363,26,,85.40,1,False,state,AZ
74363,TC,,364.00,1,False,state,AZ
74400,,,283.50,1,False,state,AZ
74400,26,,48.30,1,False,state,AZ
74400,TC,,235.20,1,False,state,AZ
74410,,,297.50,1,False,state,AZ
74410,26,,47.60,1,False,state,AZ
74410,TC,,249.90,1,False,state,AZ
74415,,,317.10,1,False,state,AZ
74415,26,,47.60,1,False,state,AZ
74415,TC,,269.50,1,False,state,AZ
74420,,,163.80,1,False,state,AZ
74420,26,,50.40,1,False,state,AZ
74420,TC,,113.40,1,False,state,AZ
74425,,,284.90,1,False,state,AZ
74425,26,,49.00,1,False,state,AZ
74425,TC,,235.90,1,False,state,AZ
74430,,,86.80,1,False,state,AZ
74430,26,,31.50,1,False,state,AZ
74430,TC,,55.30,1,False,state,AZ
74440,,,204.40,1,False,state,AZ
74440,26,,36.40,1,False,state,AZ
74440,TC,,168.00,1,False,state,AZ
74445,,,193.90,1,False,state,AZ
74445,26,,110.60,1,False,state,AZ
74445,TC,,83.30,1,False,state,AZ
74450,,,140.00,1,False,state,AZ
74450,26,,32.20,1,False,state,AZ
74450,TC,,107.80,1,False,state,AZ
74455,,,218.40,1,False,state,AZ
74455,26,,32.20,1,False,state,AZ
74455,TC,,186.20,1,False,state,AZ
74470,,,142.10,1,False,state,AZ
74470,26,,51.10,1,False,state,AZ
74470,TC,,91.00,1,False,state,AZ
74485,,,250.60,1,False,state,AZ
74485,26,,80.50,1,False,state,AZ
74485,TC,,170.10,1,False,state,AZ
74712,,,882.00,1,False,state,AZ
74712,26,,295.40,1,False,state,AZ
74712,TC,,586.60,1,False,state,AZ
74713,,,428.40,1,False,state,AZ
74713,26,,182.00,1,False,state,AZ
74713,TC,,246.40,1,False,state,AZ
74740,,,196.70,1,False,state,AZ
74740,26,,37.80,1,False,state,AZ
74740,TC,,158.90,1,False,state,AZ
74742,,,240.80,1,False,state,AZ
74742,26,,60.20,1,False,state,AZ
74742,TC,,180.60,1,False,state,AZ
74775,,,196.70,1,False,state,AZ
74775,26,,60.90,1,False,state,AZ
74775,TC,,135.80,1,False,state,AZ
75557,,,600.60,1,False,state,AZ
75557,26,,228.20,1,False,state,AZ
75557,TC,,372.40,1,False,state,AZ
75559,,,807.80,1,False,state,AZ
75559,26,,283.50,1,False,state,AZ
75559,TC,,524.30,1,False,state,AZ
75561,,,784.70,1,False,state,AZ
75561,26,,252.70,1,False,state,AZ
75561,TC,,532.00,1,False,state,AZ
75563,,,914.90,1,False,state,AZ
75563,26,,289.10,1,False,state,AZ
75563,TC,,625.80,1,False,state,AZ
75565,,,98.00,1,False,state,AZ
75565,26,,24.50,1,False,state,AZ
75565,TC,,73.50,1,False,state,AZ
75571,,,214.90,1,False,state,AZ
75571,26,,56.70,1,False,state,AZ
75571,TC,,158.20,1,False,state,AZ
75572,,,490.00,1,False,state,AZ
75572,26,,170.10,1,False,state,AZ
75572,TC,,319.90,1,False,state,AZ
75573,,,653.80,1,False,state,AZ
75573,26,,248.50,1,False,state,AZ
75573,TC,,405.30,1,False,state,AZ
75574,,,693.00,1,False,state,AZ
75574,26,,233.80,1,False,state,AZ
75574,TC,,459.20,1,False,state,AZ
75580,,,1898.40,1,False,state,AZ
75580,26,,72.80,1,False,state,AZ
75580,TC,,1825.60,1,False,state,AZ
75600,,,382.90,1,False,state,AZ
75600,26,,48.30,1,False,state,AZ
75600,TC,,334.60,1,False,state,AZ
75605,,,253.40,1,False,state,AZ
75605,26,,109.90,1,False,state,AZ
75605,TC,,143.50,1,False,state,AZ
75625,,,265.30,1,False,state,AZ
75625,26,,139.30,1,False,state,AZ
75625,TC,,126.00,1,False,state,AZ
75630,,,329.00,1,False,state,AZ
75630,26,,193.20,1,False,state,AZ
75630,TC,,135.80,1,False,state,AZ
75635,,,884.80,1,False,state,AZ
75635,26,,232.40,1,False,state,AZ
75635,TC,,652.40,1,False,state,AZ
75705,,,525.70,1,False,state,AZ
75705,26,,240.80,1,False,state,AZ
75705,TC,,284.90,1,False,state,AZ
75710,,,315.00,1,False,state,AZ
75710,26,,170.10,1,False,state,AZ
75710,TC,,144.90,1,False,state,AZ
75716,,,341.60,1,False,state,AZ
75716,26,,190.40,1,False,state,AZ
75716,TC,,151.20,1,False,state,AZ
75726,,,356.30,1,False,state,AZ
75726,26,,193.20,1,False,state,AZ
75726,TC,,163.10,1,False,state,AZ
75731,,,322.00,1,False,state,AZ
75731,26,,112.00,1,False,state,AZ
75731,TC,,210.00,1,False,state,AZ
75733,,,361.90,1,False,state,AZ
75733,26,,126.00,1,False,state,AZ
75733,TC,,235.90,1,False,state,AZ
75736,,,301.00,1,False,state,AZ
75736,26,,107.10,1,False,state,AZ
75736,TC,,193.90,1,False,state,AZ
75741,,,272.30,1,False,state,AZ
75741,26,,123.90,1,False,state,AZ
75741,TC,,148.40,1,False,state,AZ
75743,,,309.40,1,False,state,AZ
75743,26,,158.20,1,False,state,AZ
75743,TC,,151.20,1,False,state,AZ
75746,,,282.80,1,False,state,AZ
75746,26,,108.50,1,False,state,AZ
75746,TC,,174.30,1,False,state,AZ
75756,,,346.50,1,False,state,AZ
75756,26,,112.70,1,False,state,AZ
75756,TC,,233.80,1,False,state,AZ
75774,,,202.30,1,False,state,AZ
75774,26,,95.20,1,False,state,AZ
75774,TC,,107.10,1,False,state,AZ
75801,,,518.70,1,False,state,AZ
75801,26,,88.20,1,False,state,AZ
75801,TC,,430.50,1,False,state,AZ
75803,,,525.00,1,False,state,AZ
75803,26,,115.50,1,False,state,AZ
75803,TC,,409.50,1,False,state,AZ
75805,,,532.00,1,False,state,AZ
75805,26,,79.80,1,False,state,AZ
75805,TC,,452.20,1,False,state,AZ
75807,,,542.50,1,False,state,AZ
75807,26,,108.50,1,False,state,AZ
75807,TC,,434.00,1,False,state,AZ
75809,,,171.50,1,False,state,AZ
75809,26,,46.90,1,False,state,AZ
75809,TC,,124.60,1,False,state,AZ
75810,,,903.70,1,False,state,AZ
75810,26,,99.40,1,False,state,AZ
75810,TC,,804.30,1,False,state,AZ
75820,,,226.10,1,False,state,AZ
75820,26,,101.50,1,False,state,AZ
75820,TC,,124.60,1,False,state,AZ
75822,,,280.00,1,False,state,AZ
75822,26,,142.10,1,False,state,AZ
75822,TC,,137.90,1,False,state,AZ
75825,,,239.40,1,False,state,AZ
75825,26,,109.90,1,False,state,AZ
75825,TC,,129.50,1,False,state,AZ
75827,,,249.20,1,False,state,AZ
75827,26,,110.60,1,False,state,AZ
75827,TC,,138.60,1,False,state,AZ
75831,,,250.60,1,False,state,AZ
75831,26,,106.40,1,False,state,AZ
75831,TC,,144.20,1,False,state,AZ
75833,,,310.10,1,False,state,AZ
75833,26,,143.50,1,False,state,AZ
75833,TC,,166.60,1,False,state,AZ
75840,,,269.50,1,False,state,AZ
75840,26,,112.00,1,False,state,AZ
75840,TC,,157.50,1,False,state,AZ
75842,,,333.20,1,False,state,AZ
75842,26,,147.00,1,False,state,AZ
75842,TC,,186.20,1,False,state,AZ
75860,,,263.20,1,False,state,AZ
75860,26,,109.90,1,False,state,AZ
75860,TC,,153.30,1,False,state,AZ
75870,,,326.20,1,False,state,AZ
75870,26,,120.40,1,False,state,AZ
75870,TC,,205.80,1,False,state,AZ
75872,,,269.50,1,False,state,AZ
75872,26,,112.00,1,False,state,AZ
75872,TC,,157.50,1,False,state,AZ
75880,,,226.10,1,False,state,AZ
75880,26,,69.30,1,False,state,AZ
75880,TC,,156.80,1,False,state,AZ
75885,,,286.30,1,False,state,AZ
75885,26,,134.40,1,False,state,AZ
75885,TC,,151.90,1,False,state,AZ
75887,,,288.40,1,False,state,AZ
75887,26,,135.10,1,False,state,AZ
75887,TC,,153.30,1,False,state,AZ
75889,,,259.00,1,False,state,AZ
75889,26,,107.10,1,False,state,AZ
75889,TC,,151.90,1,False,state,AZ
75891,,,260.40,1,False,state,AZ
75891,26,,107.10,1,False,state,AZ
75891,TC,,153.30,1,False,state,AZ
75893,,,220.50,1,False,state,AZ
75893,26,,52.50,1,False,state,AZ
75893,TC,,168.00,1,False,state,AZ
75894,,,2109.80,1,False,state,AZ
75894,26,,147.70,1,False,state,AZ
75894,TC,,1962.10,1,False,state,AZ
75898,,,280.70,1,False,state,AZ
75898,26,,188.30,1,False,state,AZ
75898,TC,,92.40,1,False,state,AZ
75901,,,477.40,1,False,state,AZ
75901,26,,46.20,1,False,state,AZ
75901,TC,,431.20,1,False,state,AZ
75902,,,184.10,1,False,state,AZ
75902,26,,37.10,1,False,state,AZ
75902,TC,,147.00,1,False,state,AZ
75956,,,1711.50,1,False,state,AZ
75956,26,,684.60,1,False,state,AZ
75956,TC,,1026.90,1,False,state,AZ
75957,,,1633.10,1,False,state,AZ
75957,26,,588.00,1,False,state,AZ
75957,TC,,1045.10,1,False,state,AZ
75958,,,1071.70,1,False,state,AZ
75958,26,,385.70,1,False,state,AZ
75958,TC,,686.00,1,False,state,AZ
75959,,,977.90,1,False,state,AZ
75959,26,,342.30,1,False,state,AZ
75959,TC,,635.60,1,False,state,AZ
75970,,,863.10,1,False,state,AZ
75970,26,,77.70,1,False,state,AZ
75970,TC,,785.40,1,False,state,AZ
75984,,,200.20,1,False,state,AZ
75984,26,,78.40,1,False,state,AZ
75984,TC,,121.80,1,False,state,AZ
75989,,,233.80,1,False,state,AZ
75989,26,,114.10,1,False,state,AZ
75989,TC,,119.70,1,False,state,AZ
76000,,,89.60,1,False,state,AZ
76000,26,,30.80,1,False,state,AZ
76000,TC,,58.80,1,False,state,AZ
76010,,,61.60,1,False,state,AZ
76010,26,,17.50,1,False,state,AZ
76010,TC,,44.10,1,False,state,AZ
76080,,,125.30,1,False,state,AZ
76080,26,,51.10,1,False,state,AZ
76080,TC,,74.20,1,False,state,AZ
76098,,,89.60,1,False,state,AZ
76098,26,,31.50,1,False,state,AZ
76098,TC,,58.10,1,False,state,AZ
76100,,,187.60,1,False,state,AZ
76100,26,,57.40,1,False,state,AZ
76100,TC,,130.20,1,False,state,AZ
76120,,,247.80,1,False,state,AZ
76120,26,,39.90,1,False,state,AZ
76120,TC,,207.90,1,False,state,AZ
76125,,,88.20,1,False,state,AZ
76125,26,,27.30,1,False,state,AZ
76125,TC,,60.90,1,False,state,AZ
76140,,,BR,1,False,state,AZ
76145,,,1904.70,1,False,state,AZ
76376,,,52.50,1,False,state,AZ
76376,26,,19.60,1,False,state,AZ
76376,TC,,32.90,1,False,state,AZ
76377,,,163.80,1,False,state,AZ
76377,26,,78.40,1,False,state,AZ
76377,TC,,85.40,1,False,state,AZ
76380,,,281.40,1,False,state,AZ
76380,26,,93.80,1,False,state,AZ
76380,TC,,187.60,1,False,state,AZ
76390,,,1099.00,1,False,state,AZ
76390,26,,186.90,1,False,state,AZ
76390,TC,,912.10,1,False,state,AZ
76391,,,434.00,1,False,state,AZ
76391,26,,108.50,1,False,state,AZ
76391,TC,,325.50,1,False,state,AZ
76496,,,BR,1,False,state,AZ
76496,26,,BR,1,False,state,AZ
76496,TC,,BR,1,False,state,AZ
76497,,,BR,1,False,state,AZ
76497,26,,BR,1,False,state,AZ
76497,TC,,BR,1,False,state,AZ
76498,,,BR,1,False,state,AZ
76498,26,,BR,1,False,state,AZ
76498,TC,,BR,1,False,state,AZ
76499,,,BR,1,False,state,AZ
76499,26,,BR,1,False,state,AZ
76499,TC,,BR,1,False,state,AZ
76506,,,237.30,1,False,state,AZ
76506,26,,64.40,1,False,state,AZ
76506,TC,,172.90,1,False,state,AZ
76510,,,144.20,1,False,state,AZ
76510,26,,80.50,1,False,state,AZ
76510,TC,,63.70,1,False,state,AZ
76511,,,119.70,1,False,state,AZ
76511,26,,73.50,1,False,state,AZ
76511,TC,,46.20,1,False,state,AZ
76512,,,100.80,1,False,state,AZ
76512,26,,63.00,1,False,state,AZ
76512,TC,,37.80,1,False,state,AZ
76513,,,157.50,1,False,state,AZ
76513,26,,66.50,1,False,state,AZ
76513,TC,,91.00,1,False,state,AZ
76514,,,23.80,1,False,state,AZ
76514,26,,16.10,1,False,state,AZ
76514,TC,,7.70,1,False,state,AZ
76516,,,98.00,1,False,state,AZ
76516,26,,46.20,1,False,state,AZ
76516,TC,,51.80,1,False,state,AZ
76519,,,142.80,1,False,state,AZ
76519,26,,62.30,1,False,state,AZ
76519,TC,,80.50,1,False,state,AZ
76529,,,179.90,1,False,state,AZ
76529,26,,66.50,1,False,state,AZ
76529,TC,,113.40,1,False,state,AZ
76536,,,231.70,1,False,state,AZ
76536,26,,55.30,1,False,state,AZ
76536,TC,,176.40,1,False,state,AZ
76604,,,119.70,1,False,state,AZ
76604,26,,56.00,1,False,state,AZ
76604,TC,,63.70,1,False,state,AZ
76641,,,215.60,1,False,state,AZ
76641,26,,72.10,1,False,state,AZ
76641,TC,,143.50,1,False,state,AZ
76642,,,178.50,1,False,state,AZ
76642,26,,67.20,1,False,state,AZ
76642,TC,,111.30,1,False,state,AZ
76700,,,244.30,1,False,state,AZ
76700,26,,79.10,1,False,state,AZ
76700,TC,,165.20,1,False,state,AZ
76705,,,182.70,1,False,state,AZ
76705,26,,57.40,1,False,state,AZ
76705,TC,,125.30,1,False,state,AZ
76706,,,224.00,1,False,state,AZ
76706,26,,53.90,1,False,state,AZ
76706,TC,,170.10,1,False,state,AZ
76770,,,227.50,1,False,state,AZ
76770,26,,72.80,1,False,state,AZ
76770,TC,,154.70,1,False,state,AZ
76775,,,125.30,1,False,state,AZ
76775,26,,56.70,1,False,state,AZ
76775,TC,,68.60,1,False,state,AZ
76776,,,309.40,1,False,state,AZ
76776,26,,74.20,1,False,state,AZ
76776,TC,,235.20,1,False,state,AZ
76800,,,363.30,1,False,state,AZ
76800,26,,128.80,1,False,state,AZ
76800,TC,,234.50,1,False,state,AZ
76801,,,246.40,1,False,state,AZ
76801,26,,97.30,1,False,state,AZ
76801,TC,,149.10,1,False,state,AZ
76802,,,126.00,1,False,state,AZ
76802,26,,81.90,1,False,state,AZ
76802,TC,,44.10,1,False,state,AZ
76805,,,284.90,1,False,state,AZ
76805,26,,98.00,1,False,state,AZ
76805,TC,,186.90,1,False,state,AZ
76810,,,183.40,1,False,state,AZ
76810,26,,96.60,1,False,state,AZ
76810,TC,,86.80,1,False,state,AZ
76811,,,372.40,1,False,state,AZ
76811,26,,186.90,1,False,state,AZ
76811,TC,,185.50,1,False,state,AZ
76812,,,402.50,1,False,state,AZ
76812,26,,175.70,1,False,state,AZ
76812,TC,,226.80,1,False,state,AZ
76813,,,242.90,1,False,state,AZ
76813,26,,116.20,1,False,state,AZ
76813,TC,,126.70,1,False,state,AZ
76814,,,156.10,1,False,state,AZ
76814,26,,97.30,1,False,state,AZ
76814,TC,,58.80,1,False,state,AZ
76815,,,170.10,1,False,state,AZ
76815,26,,63.70,1,False,state,AZ
76815,TC,,106.40,1,False,state,AZ
76816,,,231.00,1,False,state,AZ
76816,26,,84.00,1,False,state,AZ
76816,TC,,147.00,1,False,state,AZ
76817,,,194.60,1,False,state,AZ
76817,26,,74.20,1,False,state,AZ
76817,TC,,120.40,1,False,state,AZ
76818,,,249.20,1,False,state,AZ
76818,26,,103.60,1,False,state,AZ
76818,TC,,145.60,1,False,state,AZ
76819,,,179.90,1,False,state,AZ
76819,26,,75.60,1,False,state,AZ
76819,TC,,104.30,1,False,state,AZ
76820,,,93.80,1,False,state,AZ
76820,26,,49.00,1,False,state,AZ
76820,TC,,44.80,1,False,state,AZ
76821,,,186.90,1,False,state,AZ
76821,26,,69.30,1,False,state,AZ
76821,TC,,117.60,1,False,state,AZ
76825,,,549.50,1,False,state,AZ
76825,26,,163.80,1,False,state,AZ
76825,TC,,385.70,1,False,state,AZ
76826,,,329.00,1,False,state,AZ
76826,26,,81.20,1,False,state,AZ
76826,TC,,247.80,1,False,state,AZ
76827,,,147.00,1,False,state,AZ
76827,26,,57.40,1,False,state,AZ
76827,TC,,89.60,1,False,state,AZ
76828,,,102.20,1,False,state,AZ
76828,26,,54.60,1,False,state,AZ
76828,TC,,47.60,1,False,state,AZ
76830,,,250.60,1,False,state,AZ
76830,26,,67.90,1,False,state,AZ
76830,TC,,182.70,1,False,state,AZ
76831,,,244.30,1,False,state,AZ
76831,26,,71.40,1,False,state,AZ
76831,TC,,172.90,1,False,state,AZ
76856,,,221.20,1,False,state,AZ
76856,26,,67.20,1,False,state,AZ
76856,TC,,154.00,1,False,state,AZ
76857,,,103.60,1,False,state,AZ
76857,26,,48.30,1,False,state,AZ
76857,TC,,55.30,1,False,state,AZ
76870,,,210.00,1,False,state,AZ
76870,26,,62.30,1,False,state,AZ
76870,TC,,147.70,1,False,state,AZ
76872,,,422.80,1,False,state,AZ
76872,26,,67.20,1,False,state,AZ
76872,TC,,355.60,1,False,state,AZ
76873,,,368.90,1,False,state,AZ
76873,26,,158.20,1,False,state,AZ
76873,TC,,210.70,1,False,state,AZ
76881,,,112.70,1,False,state,AZ
76881,26,,89.60,1,False,state,AZ
76881,TC,,23.10,1,False,state,AZ
76882,,,133.00,1,False,state,AZ
76882,26,,67.90,1,False,state,AZ
76882,TC,,65.10,1,False,state,AZ
76883,,,149.80,1,False,state,AZ
76883,26,,119.70,1,False,state,AZ
76883,TC,,30.10,1,False,state,AZ
76885,,,284.90,1,False,state,AZ
76885,26,,72.80,1,False,state,AZ
76885,TC,,212.10,1,False,state,AZ
76886,,,209.30,1,False,state,AZ
76886,26,,60.90,1,False,state,AZ
76886,TC,,148.40,1,False,state,AZ
76932,,,200.20,1,False,state,AZ
76932,26,,74.20,1,False,state,AZ
76932,TC,,126.00,1,False,state,AZ
76936,,,546.70,1,False,state,AZ
76936,26,,193.20,1,False,state,AZ
76936,TC,,353.50,1,False,state,AZ
76937,,,80.50,1,False,state,AZ
76937,26,,28.70,1,False,state,AZ
76937,TC,,51.80,1,False,state,AZ
76940,,,333.90,1,False,state,AZ
76940,26,,207.20,1,False,state,AZ
76940,TC,,126.70,1,False,state,AZ
76941,,,245.00,1,False,state,AZ
76941,26,,132.30,1,False,state,AZ
76941,TC,,112.70,1,False,state,AZ
76942,,,121.80,1,False,state,AZ
76942,26,,62.30,1,False,state,AZ
76942,TC,,59.50,1,False,state,AZ
76945,,,182.70,1,False,state,AZ
76945,26,,65.80,1,False,state,AZ
76945,TC,,116.90,1,False,state,AZ
76946,,,70.00,1,False,state,AZ
76946,26,,37.80,1,False,state,AZ
76946,TC,,32.20,1,False,state,AZ
76948,,,169.40,1,False,state,AZ
76948,26,,65.80,1,False,state,AZ
76948,TC,,103.60,1,False,state,AZ
76965,,,198.10,1,False,state,AZ
76965,26,,140.00,1,False,state,AZ
76965,TC,,58.10,1,False,state,AZ
76975,,,205.10,1,False,state,AZ
76975,26,,84.00,1,False,state,AZ
76975,TC,,121.10,1,False,state,AZ
76977,,,15.40,1,False,state,AZ
76977,26,,5.60,1,False,state,AZ
76977,TC,,9.80,1,False,state,AZ
76978,,,465.50,1,False,state,AZ
76978,26,,159.60,1,False,state,AZ
76978,TC,,305.90,1,False,state,AZ
76979,,,299.60,1,False,state,AZ
76979,26,,83.30,1,False,state,AZ
76979,TC,,216.30,1,False,state,AZ
76981,,,219.10,1,False,state,AZ
76981,26,,58.80,1,False,state,AZ
76981,TC,,160.30,1,False,state,AZ
76982,,,196.00,1,False,state,AZ
76982,26,,58.80,1,False,state,AZ
76982,TC,,137.20,1,False,state,AZ
76983,,,129.50,1,False,state,AZ
76983,26,,51.80,1,False,state,AZ
76983,TC,,77.70,1,False,state,AZ
76984,,,149.80,1,False,state,AZ
76984,26,,64.40,1,False,state,AZ
76984,TC,,85.40,1,False,state,AZ
76987,,,457.10,1,False,state,AZ
76987,26,,196.70,1,False,state,AZ
76987,TC,,260.40,1,False,state,AZ
76988,,,291.20,1,False,state,AZ
76988,26,,125.30,1,False,state,AZ
76988,TC,,165.90,1,False,state,AZ
76989,,,170.80,1,False,state,AZ
76989,26,,73.50,1,False,state,AZ
76989,TC,,97.30,1,False,state,AZ
76998,,,224.70,1,False,state,AZ
76998,26,,96.60,1,False,state,AZ
76998,TC,,128.10,1,False,state,AZ
76999,,,BR,1,False,state,AZ
76999,26,,BR,1,False,state,AZ
76999,TC,,BR,1,False,state,AZ
77001,,,207.20,1,False,state,AZ
77001,26,,37.10,1,False,state,AZ
77001,TC,,170.10,1,False,state,AZ
77002,,,243.60,1,False,state,AZ
77002,26,,55.30,1,False,state,AZ
77002,TC,,188.30,1,False,state,AZ
77003,,,221.20,1,False,state,AZ
77003,26,,59.50,1,False,state,AZ
77003,TC,,161.70,1,False,state,AZ
77011,,,464.80,1,False,state,AZ
77011,26,,127.40,1,False,state,AZ
77011,TC,,337.40,1,False,state,AZ
77012,,,291.90,1,False,state,AZ
77012,26,,143.50,1,False,state,AZ
77012,TC,,148.40,1,False,state,AZ
77013,,,1044.40,1,False,state,AZ
77013,26,,375.90,1,False,state,AZ
77013,TC,,668.50,1,False,state,AZ
77014,,,251.30,1,False,state,AZ
77014,26,,93.10,1,False,state,AZ
77014,TC,,158.20,1,False,state,AZ
77021,,,893.90,1,False,state,AZ
77021,26,,146.30,1,False,state,AZ
77021,TC,,747.60,1,False,state,AZ
77022,,,1323.00,1,False,state,AZ
77022,26,,410.20,1,False,state,AZ
77022,TC,,912.80,1,False,state,AZ
77046,,,459.90,1,False,state,AZ
77046,26,,142.10,1,False,state,AZ
77046,TC,,317.80,1,False,state,AZ
77047,,,472.50,1,False,state,AZ
77047,26,,156.80,1,False,state,AZ
77047,TC,,315.70,1,False,state,AZ
77048,,,725.20,1,False,state,AZ
77048,26,,206.50,1,False,state,AZ
77048,TC,,518.70,1,False,state,AZ
77049,,,739.90,1,False,state,AZ
77049,26,,226.10,1,False,state,AZ
77049,TC,,513.80,1,False,state,AZ
77053,,,113.40,1,False,state,AZ
77053,26,,35.70,1,False,state,AZ
77053,TC,,77.70,1,False,state,AZ
77054,,,145.60,1,False,state,AZ
77054,26,,44.10,1,False,state,AZ
77054,TC,,101.50,1,False,state,AZ
77061,,,132.30,1,False,state,AZ
77061,26,,BR,1,False,state,AZ
77061,TC,,132.30,1,False,state,AZ
77062,,,132.30,1,False,state,AZ
77062,26,,BR,1,False,state,AZ
77062,TC,,132.30,1,False,state,AZ
77063,,,109.20,1,False,state,AZ
77063,26,,58.80,1,False,state,AZ
77063,TC,,50.40,1,False,state,AZ
77065,,,263.20,1,False,state,AZ
77065,26,,79.80,1,False,state,AZ
77065,TC,,183.40,1,False,state,AZ
77066,,,333.20,1,False,state,AZ
77066,26,,98.00,1,False,state,AZ
77066,TC,,235.20,1,False,state,AZ
77067,,,268.80,1,False,state,AZ
77067,26,,74.90,1,False,state,AZ
77067,TC,,193.90,1,False,state,AZ
77071,,,115.50,1,False,state,AZ
77072,,,54.60,1,False,state,AZ
77072,26,,18.90,1,False,state,AZ
77072,TC,,35.70,1,False,state,AZ
77073,,,95.20,1,False,state,AZ
77073,26,,27.30,1,False,state,AZ
77073,TC,,67.90,1,False,state,AZ
77074,,,137.20,1,False,state,AZ
77074,26,,43.40,1,False,state,AZ
77074,TC,,93.80,1,False,state,AZ
77075,,,209.30,1,False,state,AZ
77075,26,,54.60,1,False,state,AZ
77075,TC,,154.70,1,False,state,AZ
77076,,,225.40,1,False,state,AZ
77076,26,,69.30,1,False,state,AZ
77076,TC,,156.10,1,False,state,AZ
77077,,,98.70,1,False,state,AZ
77077,26,,34.30,1,False,state,AZ
77077,TC,,64.40,1,False,state,AZ
77078,,,217.00,1,False,state,AZ
77078,26,,24.50,1,False,state,AZ
77078,TC,,192.50,1,False,state,AZ
77080,,,81.90,1,False,state,AZ
77080,26,,19.60,1,False,state,AZ
77080,TC,,62.30,1,False,state,AZ
77081,,,66.50,1,False,state,AZ
77081,26,,19.60,1,False,state,AZ
77081,TC,,46.90,1,False,state,AZ
77084,,,684.60,1,False,state,AZ
77084,26,,157.50,1,False,state,AZ
77084,TC,,527.10,1,False,state,AZ
77085,,,112.00,1,False,state,AZ
77085,26,,29.40,1,False,state,AZ
77085,TC,,82.60,1,False,state,AZ
77086,,,70.70,1,False,state,AZ
77086,26,,16.80,1,False,state,AZ
77086,TC,,53.90,1,False,state,AZ
77089,,,84.70,1,False,state,AZ
77090,,,5.60,1,False,state,AZ
77091,,,58.80,1,False,state,AZ
77092,,,20.30,1,False,state,AZ
77261,,,147.70,1,False,state,AZ
77262,,,226.10,1,False,state,AZ
77263,,,350.70,1,False,state,AZ
77280,,,565.60,1,False,state,AZ
77280,26,,78.40,1,False,state,AZ
77280,TC,,487.20,1,False,state,AZ
77285,,,926.10,1,False,state,AZ
77285,26,,118.30,1,False,state,AZ
77285,TC,,807.80,1,False,state,AZ
77290,,,940.10,1,False,state,AZ
77290,26,,171.50,1,False,state,AZ
77290,TC,,768.60,1,False,state,AZ
77293,,,857.50,1,False,state,AZ
77293,26,,219.10,1,False,state,AZ
77293,TC,,638.40,1,False,state,AZ
77295,,,1009.40,1,False,state,AZ
77295,26,,469.00,1,False,state,AZ
77295,TC,,540.40,1,False,state,AZ
77299,,,BR,1,False,state,AZ
77299,26,,BR,1,False,state,AZ
77299,TC,,BR,1,False,state,AZ
77300,,,138.60,1,False,state,AZ
77300,26,,67.90,1,False,state,AZ
77300,TC,,70.70,1,False,state,AZ
77301,,,3875.20,1,False,state,AZ
77301,26,,874.30,1,False,state,AZ
77301,TC,,3000.90,1,False,state,AZ
77306,,,311.50,1,False,state,AZ
77306,26,,153.30,1,False,state,AZ
77306,TC,,158.20,1,False,state,AZ
77307,,,603.40,1,False,state,AZ
77307,26,,317.10,1,False,state,AZ
77307,TC,,286.30,1,False,state,AZ
77316,,,517.30,1,False,state,AZ
77316,26,,153.30,1,False,state,AZ
77316,TC,,364.00,1,False,state,AZ
77317,,,680.40,1,False,state,AZ
77317,26,,200.90,1,False,state,AZ
77317,TC,,479.50,1,False,state,AZ
77318,,,964.60,1,False,state,AZ
77318,26,,316.40,1,False,state,AZ
77318,TC,,648.20,1,False,state,AZ
77321,,,198.10,1,False,state,AZ
77321,26,,104.30,1,False,state,AZ
77321,TC,,93.80,1,False,state,AZ
77331,,,136.50,1,False,state,AZ
77331,26,,95.90,1,False,state,AZ
77331,TC,,40.60,1,False,state,AZ
77332,,,82.60,1,False,state,AZ
77332,26,,49.70,1,False,state,AZ
77332,TC,,32.90,1,False,state,AZ
77333,,,287.70,1,False,state,AZ
77333,26,,81.90,1,False,state,AZ
77333,TC,,205.80,1,False,state,AZ
77334,,,263.90,1,False,state,AZ
77334,26,,126.00,1,False,state,AZ
77334,TC,,137.90,1,False,state,AZ
77336,,,186.90,1,False,state,AZ
77338,,,984.20,1,False,state,AZ
77338,26,,469.70,1,False,state,AZ
77338,TC,,514.50,1,False,state,AZ
77370,,,303.80,1,False,state,AZ
77371,,,4751.60,1,False,state,AZ
77372,,,2001.30,1,False,state,AZ
77373,,,2089.50,1,False,state,AZ
77385,,,1461.60,1,False,state,AZ
77386,,,1461.60,1,False,state,AZ
77387,,,191.80,1,False,state,AZ
77399,,,BR,1,False,state,AZ
77399,26,,BR,1,False,state,AZ
77399,TC,,BR,1,False,state,AZ
77401,,,87.50,1,False,state,AZ
77402,,,211.40,1,False,state,AZ
77407,,,BR,1,False,state,AZ
77412,,,370.30,1,False,state,AZ
77417,,,31.50,1,False,state,AZ
77423,,,BR,1,False,state,AZ
77424,,,BR,1,False,state,AZ
77425,,,BR,1,False,state,AZ
77427,,,399.00,1,False,state,AZ
77431,,,225.40,1,False,state,AZ
77432,,,886.90,1,False,state,AZ
77435,,,1341.20,1,False,state,AZ
77469,,,667.10,1,False,state,AZ
77470,,,298.20,1,False,state,AZ
77470,26,,222.60,1,False,state,AZ
77470,TC,,75.60,1,False,state,AZ
77499,,,BR,1,False,state,AZ
77499,26,,BR,1,False,state,AZ
77499,TC,,BR,1,False,state,AZ
77520,,,2664.20,1,False,state,AZ
77522,,,2487.10,1,False,state,AZ
77523,,,2804.90,1,False,state,AZ
77525,,,3495.10,1,False,state,AZ
77600,,,1144.50,1,False,state,AZ
77600,26,,148.40,1,False,state,AZ
77600,TC,,996.10,1,False,state,AZ
77605,,,1984.50,1,False,state,AZ
77605,26,,209.30,1,False,state,AZ
77605,TC,,1775.20,1,False,state,AZ
77610,,,1437.80,1,False,state,AZ
77610,26,,144.20,1,False,state,AZ
77610,TC,,1293.60,1,False,state,AZ
77615,,,2257.50,1,False,state,AZ
77615,26,,202.30,1,False,state,AZ
77615,TC,,2055.20,1,False,state,AZ
77620,,,1338.40,1,False,state,AZ
77620,26,,172.90,1,False,state,AZ
77620,TC,,1165.50,1,False,state,AZ
77750,,,826.00,1,False,state,AZ
77750,26,,547.40,1,False,state,AZ
77750,TC,,278.60,1,False,state,AZ
77761,,,885.50,1,False,state,AZ
77761,26,,421.40,1,False,state,AZ
77761,TC,,464.10,1,False,state,AZ
77762,,,1163.40,1,False,state,AZ
77762,26,,630.70,1,False,state,AZ
77762,TC,,532.70,1,False,state,AZ
77763,,,1643.60,1,False,state,AZ
77763,26,,947.80,1,False,state,AZ
77763,TC,,695.80,1,False,state,AZ
77767,,,525.00,1,False,state,AZ
77767,26,,114.80,1,False,state,AZ
77767,TC,,410.20,1,False,state,AZ
77768,,,769.30,1,False,state,AZ
77768,26,,153.30,1,False,state,AZ
77768,TC,,616.00,1,False,state,AZ
77770,,,731.50,1,False,state,AZ
77770,26,,213.50,1,False,state,AZ
77770,TC,,518.00,1,False,state,AZ
77771,,,1271.90,1,False,state,AZ
77771,26,,415.80,1,False,state,AZ
77771,TC,,856.10,1,False,state,AZ
77772,,,1899.80,1,False,state,AZ
77772,26,,587.30,1,False,state,AZ
77772,TC,,1312.50,1,False,state,AZ
77778,,,1934.10,1,False,state,AZ
77778,26,,959.00,1,False,state,AZ
77778,TC,,975.10,1,False,state,AZ
77789,,,280.00,1,False,state,AZ
77789,26,,125.30,1,False,state,AZ
77789,TC,,154.70,1,False,state,AZ
77790,,,37.80,1,False,state,AZ
77799,,,BR,1,False,state,AZ
77799,26,,BR,1,False,state,AZ
77799,TC,,BR,1,False,state,AZ
78012,,,170.10,1,False,state,AZ
78012,26,,18.20,1,False,state,AZ
78012,TC,,151.90,1,False,state,AZ
78013,,,359.80,1,False,state,AZ
78013,26,,35.70,1,False,state,AZ
78013,TC,,324.10,1,False,state,AZ
78014,,,457.10,1,False,state,AZ
78014,26,,47.60,1,False,state,AZ
78014,TC,,409.50,1,False,state,AZ
78015,,,445.20,1,False,state,AZ
78015,26,,65.80,1,False,state,AZ
78015,TC,,379.40,1,False,state,AZ
78016,,,530.60,1,False,state,AZ
78016,26,,67.20,1,False,state,AZ
78016,TC,,463.40,1,False,state,AZ
78018,,,596.40,1,False,state,AZ
78018,26,,79.80,1,False,state,AZ
78018,TC,,516.60,1,False,state,AZ
78020,,,163.80,1,False,state,AZ
78020,26,,53.90,1,False,state,AZ
78020,TC,,109.90,1,False,state,AZ
78070,,,565.60,1,False,state,AZ
78070,26,,77.70,1,False,state,AZ
78070,TC,,487.90,1,False,state,AZ
78071,,,672.70,1,False,state,AZ
78071,26,,115.50,1,False,state,AZ
78071,TC,,557.20,1,False,state,AZ
78072,,,834.40,1,False,state,AZ
78072,26,,151.20,1,False,state,AZ
78072,TC,,683.20,1,False,state,AZ
78075,,,851.90,1,False,state,AZ
78075,26,,72.80,1,False,state,AZ
78075,TC,,779.10,1,False,state,AZ
78099,,,BR,1,False,state,AZ
78099,26,,BR,1,False,state,AZ
78099,TC,,BR,1,False,state,AZ
78102,,,336.70,1,False,state,AZ
78102,26,,51.10,1,False,state,AZ
78102,TC,,285.60,1,False,state,AZ
78103,,,359.10,1,False,state,AZ
78103,26,,61.60,1,False,state,AZ
78103,TC,,297.50,1,False,state,AZ
78104,,,482.30,1,False,state,AZ
78104,26,,75.60,1,False,state,AZ
78104,TC,,406.70,1,False,state,AZ
78110,,,144.90,1,False,state,AZ
78110,26,,16.10,1,False,state,AZ
78110,TC,,128.80,1,False,state,AZ
78111,,,153.30,1,False,state,AZ
78111,26,,18.20,1,False,state,AZ
78111,TC,,135.10,1,False,state,AZ
78120,,,148.40,1,False,state,AZ
78120,26,,19.60,1,False,state,AZ
78120,TC,,128.80,1,False,state,AZ
78121,,,161.70,1,False,state,AZ
78121,26,,26.60,1,False,state,AZ
78121,TC,,135.10,1,False,state,AZ
78122,,,205.80,1,False,state,AZ
78122,26,,42.00,1,False,state,AZ
78122,TC,,163.80,1,False,state,AZ
78130,,,260.40,1,False,state,AZ
78130,26,,50.40,1,False,state,AZ
78130,TC,,210.00,1,False,state,AZ
78140,,,229.60,1,False,state,AZ
78140,26,,50.40,1,False,state,AZ
78140,TC,,179.20,1,False,state,AZ
78185,,,324.80,1,False,state,AZ
78185,26,,32.90,1,False,state,AZ
78185,TC,,291.90,1,False,state,AZ
78191,,,260.40,1,False,state,AZ
78191,26,,50.40,1,False,state,AZ
78191,TC,,210.00,1,False,state,AZ
78195,,,679.70,1,False,state,AZ
78195,26,,114.80,1,False,state,AZ
78195,TC,,564.90,1,False,state,AZ
78199,,,BR,1,False,state,AZ
78199,26,,BR,1,False,state,AZ
78199,TC,,BR,1,False,state,AZ
78201,,,371.00,1,False,state,AZ
78201,26,,41.30,1,False,state,AZ
78201,TC,,329.70,1,False,state,AZ
78202,,,408.10,1,False,state,AZ
78202,26,,48.30,1,False,state,AZ
78202,TC,,359.80,1,False,state,AZ
78215,,,382.20,1,False,state,AZ
78215,26,,46.90,1,False,state,AZ
78215,TC,,335.30,1,False,state,AZ
78216,,,268.10,1,False,state,AZ
78216,26,,53.20,1,False,state,AZ
78216,TC,,214.90,1,False,state,AZ
78226,,,623.00,1,False,state,AZ
78226,26,,72.10,1,False,state,AZ
78226,TC,,550.90,1,False,state,AZ
78227,,,835.80,1,False,state,AZ
78227,26,,86.80,1,False,state,AZ
78227,TC,,749.00,1,False,state,AZ
78230,,,343.70,1,False,state,AZ
78230,26,,44.10,1,False,state,AZ
78230,TC,,299.60,1,False,state,AZ
78231,,,217.70,1,False,state,AZ
78231,26,,42.70,1,False,state,AZ
78231,TC,,175.00,1,False,state,AZ
78232,,,213.50,1,False,state,AZ
78232,26,,38.50,1,False,state,AZ
78232,TC,,175.00,1,False,state,AZ
78258,,,415.10,1,False,state,AZ
78258,26,,68.60,1,False,state,AZ
78258,TC,,346.50,1,False,state,AZ
78261,,,388.50,1,False,state,AZ
78261,26,,56.70,1,False,state,AZ
78261,TC,,331.80,1,False,state,AZ
78262,,,475.30,1,False,state,AZ
78262,26,,66.50,1,False,state,AZ
78262,TC,,408.80,1,False,state,AZ
78264,,,634.20,1,False,state,AZ
78264,26,,76.30,1,False,state,AZ
78264,TC,,557.90,1,False,state,AZ
78265,,,753.90,1,False,state,AZ
78265,26,,93.80,1,False,state,AZ
78265,TC,,660.10,1,False,state,AZ
78266,,,857.50,1,False,state,AZ
78266,26,,100.80,1,False,state,AZ
78266,TC,,756.70,1,False,state,AZ
78267,,,23.64,1,False,state,AZ
78268,,,201.83,1,False,state,AZ
78278,,,669.20,1,False,state,AZ
78278,26,,95.90,1,False,state,AZ
78278,TC,,573.30,1,False,state,AZ
78282,,,185.50,1,False,state,AZ
78282,26,,31.50,1,False,state,AZ
78282,TC,,154.00,1,False,state,AZ
78290,,,630.70,1,False,state,AZ
78290,26,,65.10,1,False,state,AZ
78290,TC,,565.60,1,False,state,AZ
78291,,,508.90,1,False,state,AZ
78291,26,,86.80,1,False,state,AZ
78291,TC,,422.10,1,False,state,AZ
78299,,,BR,1,False,state,AZ
78299,26,,BR,1,False,state,AZ
78299,TC,,BR,1,False,state,AZ
78300,,,434.00,1,False,state,AZ
78300,26,,60.20,1,False,state,AZ
78300,TC,,373.80,1,False,state,AZ
78305,,,523.60,1,False,state,AZ
78305,26,,79.80,1,False,state,AZ
78305,TC,,443.80,1,False,state,AZ
78306,,,565.60,1,False,state,AZ
78306,26,,82.60,1,False,state,AZ
78306,TC,,483.00,1,False,state,AZ
78315,,,665.00,1,False,state,AZ
78315,26,,98.70,1,False,state,AZ
78315,TC,,566.30,1,False,state,AZ
78350,,,67.20,1,False,state,AZ
78350,26,,22.40,1,False,state,AZ
78350,TC,,44.80,1,False,state,AZ
78351,,,30.80,1,False,state,AZ
78399,,,BR,1,False,state,AZ
78399,26,,BR,1,False,state,AZ
78399,TC,,BR,1,False,state,AZ
78414,,,289.10,1,False,state,AZ
78414,26,,43.40,1,False,state,AZ
78414,TC,,245.70,1,False,state,AZ
78428,,,364.70,1,False,state,AZ
78428,26,,74.20,1,False,state,AZ
78428,TC,,290.50,1,False,state,AZ
78429,,,2011.10,1,False,state,AZ
78429,26,,162.40,1,False,state,AZ
78429,TC,,1848.70,1,False,state,AZ
78430,,,BR,1,False,state,AZ
78430,26,,154.70,1,False,state,AZ
78430,TC,,BR,1,False,state,AZ
78431,,,2646.00,1,False,state,AZ
78431,26,,180.60,1,False,state,AZ
78431,TC,,2465.40,1,False,state,AZ
78432,,,BR,1,False,state,AZ
78432,26,,193.20,1,False,state,AZ
78432,TC,,BR,1,False,state,AZ
78433,,,3175.20,1,False,state,AZ
78433,26,,211.40,1,False,state,AZ
78433,TC,,2963.80,1,False,state,AZ
78434,,,224.70,1,False,state,AZ
78434,26,,59.50,1,False,state,AZ
78434,TC,,165.20,1,False,state,AZ
78445,,,396.20,1,False,state,AZ
78445,26,,50.40,1,False,state,AZ
78445,TC,,345.80,1,False,state,AZ
78451,,,657.30,1,False,state,AZ
78451,26,,132.30,1,False,state,AZ
78451,TC,,525.00,1,False,state,AZ
78452,,,910.00,1,False,state,AZ
78452,26,,156.10,1,False,state,AZ
78452,TC,,753.90,1,False,state,AZ
78453,,,560.00,1,False,state,AZ
78453,26,,93.80,1,False,state,AZ
78453,TC,,466.20,1,False,state,AZ
78454,,,836.50,1,False,state,AZ
78454,26,,130.90,1,False,state,AZ
78454,TC,,705.60,1,False,state,AZ
78456,,,605.50,1,False,state,AZ
78456,26,,95.90,1,False,state,AZ
78456,TC,,509.60,1,False,state,AZ
78457,,,324.80,1,False,state,AZ
78457,26,,74.20,1,False,state,AZ
78457,TC,,250.60,1,False,state,AZ
78458,,,404.60,1,False,state,AZ
78458,26,,88.90,1,False,state,AZ
78458,TC,,315.70,1,False,state,AZ
78459,,,3762.50,1,False,state,AZ
78459,26,,150.50,1,False,state,AZ
78459,TC,,3612.00,1,False,state,AZ
78466,,,350.00,1,False,state,AZ
78466,26,,65.80,1,False,state,AZ
78466,TC,,284.20,1,False,state,AZ
78468,,,385.00,1,False,state,AZ
78468,26,,77.00,1,False,state,AZ
78468,TC,,308.00,1,False,state,AZ
78469,,,431.20,1,False,state,AZ
78469,26,,88.20,1,False,state,AZ
78469,TC,,343.00,1,False,state,AZ
78472,,,441.70,1,False,state,AZ
78472,26,,94.50,1,False,state,AZ
78472,TC,,347.20,1,False,state,AZ
78473,,,562.80,1,False,state,AZ
78473,26,,140.70,1,False,state,AZ
78473,TC,,422.10,1,False,state,AZ
78481,,,347.20,1,False,state,AZ
78481,26,,94.50,1,False,state,AZ
78481,TC,,252.70,1,False,state,AZ
78483,,,466.20,1,False,state,AZ
78483,26,,141.40,1,False,state,AZ
78483,TC,,324.80,1,False,state,AZ
78491,,,1640.80,1,False,state,AZ
78491,26,,147.70,1,False,state,AZ
78491,TC,,1493.10,1,False,state,AZ
78492,,,2893.80,1,False,state,AZ
78492,26,,173.60,1,False,state,AZ
78492,TC,,2720.20,1,False,state,AZ
78494,,,445.20,1,False,state,AZ
78494,26,,114.10,1,False,state,AZ
78494,TC,,331.10,1,False,state,AZ
78496,,,88.20,1,False,state,AZ
78496,26,,48.30,1,False,state,AZ
78496,TC,,39.90,1,False,state,AZ
78499,,,BR,1,False,state,AZ
78499,26,,BR,1,False,state,AZ
78499,TC,,BR,1,False,state,AZ
78579,,,361.90,1,False,state,AZ
78579,26,,46.90,1,False,state,AZ
78579,TC,,315.00,1,False,state,AZ
78580,,,455.00,1,False,state,AZ
78580,26,,71.40,1,False,state,AZ
78580,TC,,383.60,1,False,state,AZ
78582,,,637.00,1,False,state,AZ
78582,26,,102.90,1,False,state,AZ
78582,TC,,534.10,1,False,state,AZ
78597,,,385.70,1,False,state,AZ
78597,26,,69.30,1,False,state,AZ
78597,TC,,316.40,1,False,state,AZ
78598,,,578.20,1,False,state,AZ
78598,26,,79.80,1,False,state,AZ
78598,TC,,498.40,1,False,state,AZ
78599,,,BR,1,False,state,AZ
78599,26,,BR,1,False,state,AZ
78599,TC,,BR,1,False,state,AZ
78600,,,353.50,1,False,state,AZ
78600,26,,42.70,1,False,state,AZ
78600,TC,,310.80,1,False,state,AZ
78601,,,420.70,1,False,state,AZ
78601,26,,49.00,1,False,state,AZ
78601,TC,,371.70,1,False,state,AZ
78605,,,390.60,1,False,state,AZ
78605,26,,52.50,1,False,state,AZ
78605,TC,,338.10,1,False,state,AZ
78606,,,632.80,1,False,state,AZ
78606,26,,61.60,1,False,state,AZ
78606,TC,,571.20,1,False,state,AZ
78608,,,3552.50,1,False,state,AZ
78608,26,,142.10,1,False,state,AZ
78608,TC,,3410.40,1,False,state,AZ
78609,,,147.70,1,False,state,AZ
78609,26,,147.70,1,False,state,AZ
78609,TC,,BR,1,False,state,AZ
78610,,,340.20,1,False,state,AZ
78610,26,,28.70,1,False,state,AZ
78610,TC,,311.50,1,False,state,AZ
78630,,,646.10,1,False,state,AZ
78630,26,,65.10,1,False,state,AZ
78630,TC,,581.00,1,False,state,AZ
78635,,,648.20,1,False,state,AZ
78635,26,,60.20,1,False,state,AZ
78635,TC,,588.00,1,False,state,AZ
78645,,,620.20,1,False,state,AZ
78645,26,,54.60,1,False,state,AZ
78645,TC,,565.60,1,False,state,AZ
78650,,,520.10,1,False,state,AZ
78650,26,,50.40,1,False,state,AZ
78650,TC,,469.70,1,False,state,AZ
78660,,,278.60,1,False,state,AZ
78660,26,,43.40,1,False,state,AZ
78660,TC,,235.20,1,False,state,AZ
78699,,,BR,1,False,state,AZ
78699,26,,BR,1,False,state,AZ
78699,TC,,BR,1,False,state,AZ
78700,,,332.50,1,False,state,AZ
78700,26,,42.70,1,False,state,AZ
78700,TC,,289.80,1,False,state,AZ
78701,,,436.80,1,False,state,AZ
78701,26,,47.60,1,False,state,AZ
78701,TC,,389.20,1,False,state,AZ
78707,,,451.50,1,False,state,AZ
78707,26,,91.00,1,False,state,AZ
78707,TC,,360.50,1,False,state,AZ
78708,,,367.50,1,False,state,AZ
78708,26,,115.50,1,False,state,AZ
78708,TC,,252.00,1,False,state,AZ
78709,,,709.10,1,False,state,AZ
78709,26,,134.40,1,False,state,AZ
78709,TC,,574.70,1,False,state,AZ
78725,,,203.00,1,False,state,AZ
78725,26,,35.00,1,False,state,AZ
78725,TC,,168.00,1,False,state,AZ
78730,,,143.50,1,False,state,AZ
78730,26,,15.40,1,False,state,AZ
78730,TC,,128.10,1,False,state,AZ
78740,,,441.70,1,False,state,AZ
78740,26,,54.60,1,False,state,AZ
78740,TC,,387.10,1,False,state,AZ
78761,,,413.70,1,False,state,AZ
78761,26,,70.00,1,False,state,AZ
78761,TC,,343.70,1,False,state,AZ
78799,,,BR,1,False,state,AZ
78799,26,,BR,1,False,state,AZ
78799,TC,,BR,1,False,state,AZ
78800,,,487.90,1,False,state,AZ
78800,26,,63.70,1,False,state,AZ
78800,TC,,424.20,1,False,state,AZ
78801,,,522.90,1,False,state,AZ
78801,26,,70.00,1,False,state,AZ
78801,TC,,452.90,1,False,state,AZ
78802,,,590.80,1,False,state,AZ
78802,26,,76.30,1,False,state,AZ
78802,TC,,514.50,1,False,state,AZ
78803,,,729.40,1,False,state,AZ
78803,26,,103.60,1,False,state,AZ
78803,TC,,625.80,1,False,state,AZ
78804,,,1230.60,1,False,state,AZ
78804,26,,96.60,1,False,state,AZ
78804,TC,,1134.00,1,False,state,AZ
78808,,,83.30,1,False,state,AZ
78811,,,3657.50,1,False,state,AZ
78811,26,,146.30,1,False,state,AZ
78811,TC,,3511.20,1,False,state,AZ
78812,,,4620.00,1,False,state,AZ
78812,26,,184.80,1,False,state,AZ
78812,TC,,4435.20,1,False,state,AZ
78813,,,4725.00,1,False,state,AZ
78813,26,,189.00,1,False,state,AZ
78813,TC,,4536.00,1,False,state,AZ
78814,,,5232.50,1,False,state,AZ
78814,26,,209.30,1,False,state,AZ
78814,TC,,5023.20,1,False,state,AZ
78815,,,5827.50,1,False,state,AZ
78815,26,,233.10,1,False,state,AZ
78815,TC,,5594.40,1,False,state,AZ
78816,,,5880.00,1,False,state,AZ
78816,26,,235.20,1,False,state,AZ
78816,TC,,5644.80,1,False,state,AZ
78830,,,913.50,1,False,state,AZ
78830,26,,138.60,1,False,state,AZ
78830,TC,,774.90,1,False,state,AZ
78831,,,1366.40,1,False,state,AZ
78831,26,,175.00,1,False,state,AZ
78831,TC,,1191.40,1,False,state,AZ
78832,,,1726.20,1,False,state,AZ
78832,26,,198.80,1,False,state,AZ
78832,TC,,1527.40,1,False,state,AZ
78835,,,186.90,1,False,state,AZ
78835,26,,43.40,1,False,state,AZ
78835,TC,,143.50,1,False,state,AZ
78999,,,BR,1,False,state,AZ
78999,26,,BR,1,False,state,AZ
78999,TC,,BR,1,False,state,AZ
79005,,,280.70,1,False,state,AZ
79005,26,,172.90,1,False,state,AZ
79005,TC,,107.80,1,False,state,AZ
79101,,,305.20,1,False,state,AZ
79101,26,,192.50,1,False,state,AZ
79101,TC,,112.70,1,False,state,AZ
79200,,,273.00,1,False,state,AZ
79200,26,,162.40,1,False,state,AZ
79200,TC,,110.60,1,False,state,AZ
79300,,,467.60,1,False,state,AZ
79300,26,,130.90,1,False,state,AZ
79300,TC,,336.70,1,False,state,AZ
79403,,,438.90,1,False,state,AZ
79403,26,,226.80,1,False,state,AZ
79403,TC,,212.10,1,False,state,AZ
79440,,,245.70,1,False,state,AZ
79440,26,,162.40,1,False,state,AZ
79440,TC,,83.30,1,False,state,AZ
79445,,,408.80,1,False,state,AZ
79445,26,,224.70,1,False,state,AZ
79445,TC,,184.10,1,False,state,AZ
79999,,,BR,1,False,state,AZ
79999,26,,BR,1,False,state,AZ
79999,TC,,BR,1,False,state,AZ
